"Year","Property_Name","Portfolio_Manager_ID","Street_Address","City","Province","Postal_Code","Country","Property_Type_Raw","GFA_sqft","Weekly_Operating_Hours","Electric_Grid_kWh","Natural_Gas_m3","Total_Energy_ekWh","EUI_ekWh_sqft","Total_GHG_kg","GHG_Intensity_kg_sqft"
2023,"#11 Police Division",35000256,"2054 DAVENPORT RD","Toronto","Ontario","M6N 1C8","Canada","Police Station",62000,"168",999080.7,30454.23,1324331.8764,21.3601915548387,88474.99683,1.42701607790323
2023,"#12 Police Division",35000257,"200 TRETHEWEY DR","Toronto","Ontario","M6M 5E6","Canada","Police Station",25780,"168",650772.47,12091.77,779912.5736,30.2526211636928,42751.46427,1.65831901745539
2023,"#13 Police Division",35000258,"1435 EGLINTON AVE W","Toronto","Ontario","M6C 3Z4","Canada","Police Station",20344,"168",536722.34,31438.42,872484.6656,42.8865840346048,76494.87502,3.76007053775069
2023,"#14 Police Division",35000259,"350 DOVERCOURT RD","Toronto","Ontario","M6J 2C2","Canada","Police Station",64200,"168",1247566.41,34123.53,1612005.7104,25.1091232149533,102978.29343,1.60402326214953
2023,"#51 Police Division",35000268,"51 PARLIAMENT ST","Toronto","Ontario","M5A 4L2","Canada","Police Station",56000,"168",1302388.21,88771.46,2250467.4028,40.1869179071429,209601.62096,3.74288608857143
2023,"#52 Police Division",35000269,"255 DUNDAS ST W","Toronto","Ontario","M5T 2W5","Canada","Police Station",71677,"168",1018369.37,57022.81,1627372.9808,22.7042563276923,140091.89911,1.95448887523194
2023,"#53 Police Division",35000270,"75 EGLINTON AVE W","Toronto","Ontario","M4R 2G9","Canada","Police Station",52183,"168",672026.7,64468.52,1360550.4936,26.0726768027902,144004.82792,2.75961190272694
2023,"#55 Police Division",35000272,"101 COXWELL AVE","Toronto","Ontario","M4L 3B3","Canada","Police Station",23519,"168",550453.85,16263.45,724147.496,30.7898931077002,47755.70295,2.0305158786513
2023,"175 Memorial Park Ave",34999089,"175 MEMORIAL PARK AVE","Toronto","Ontario","M4J 2K5","Canada","Office",6394,"70",69131.46,9785.46,173640.1728,27.1567364404129,20871.81246,3.26428096027526
2023,"275 Merton St",34999096,"275 MERTON ST","Toronto","Ontario","M4S 1A7","Canada","Office",66747,"70",367752.09,81317.32,1236221.0676,18.5209982111556,167243.13442,2.50562773487947
2023,"50 Richmond St. E",35000112,"50 RICHMOND ST E","Toronto","Ontario","M5C 1N7","Canada","Office",13800,"100",47280.19,12281.24,178443.8332,12.9307125507246,25010.66774,1.81236722753623
2023,"51 Lisgar",34999099,"51 LISGAR ST","Toronto","Ontario","M6J 0B9","Canada","Office",10053,"70",106668.31,6478.37,175857.3016,17.4930171690043,15644.99807,1.5562516731324
2023,"53 Strachan Ave",34999100,"805 WELLINGTON ST","Toronto","Ontario","M5V 1G8","Canada","Office",49213,"100",0,0,0,0,0,0
2023,"Annette Community Recreation Centre",34999449,"333 ANNETTE ST","Toronto","Ontario","M6P 1R3","Canada","Other - Recreation",20774,"100",322548.03,0,322548.03,15.526524983152,9676.4409,0.46579574949456
2023,"Annette Street Library",35000296,"145 ANNETTE ST","Toronto","Ontario","M6P 1P3","Canada","Library",7806,"70",174980.89,8117.16,261672.1588,33.5219265693057,20842.49106,2.67006034588778
2023,"Archives and Records Centre",34999102,"255 SPADINA RD","Toronto","Ontario","M5R 2V3","Canada","Office",39590,"70",483109.59,38189.86,890977.2948,22.5051097448851,87856.00876,2.21914647032079
2023,"Armour Heights Community Centre",34999191,"2140 AVENUE RD","Toronto","Ontario","M5M 4M7","Canada","Community Center and Social Meeting Hall",19773,"100",182173.11,20756.63,403853.9184,20.4245141556668,45338.67953,2.29295906185202
2023,"Atlantic Ave Storage Bldg",34999103,"98 ATLANTIC AVE","Toronto","Ontario","M6K 1X9","Canada","Office",43002,"70",102624.69,36159.22,488805.1596,11.3670331519464,72540.60232,1.68691229059114
2023,"Beaches Employment & Social Services",34999105,"1631 QUEEN ST E","Toronto","Ontario","M4L 1G4","Canada","Office",25327,"70",227355.11,32242.78,571708.0004,22.5730643345047,68759.03368,2.71485109487898
2023,"Beaches Library",35000299,"2161 QUEEN ST E","Toronto","Ontario","M4L 1J1","Canada","Library",8000,"70",100202.68,9914.69,206091.5692,25.76144615,22052.19989,2.75652498625
2023,"Beaches Recreation Centre",34999451,"6 WILLIAMSON RD","Toronto","Ontario","M4E 1K5","Canada","Other - Recreation",14445,"100",173377.79,0,173377.79,12.0026161301488,5201.3337,0.360078483904465
2023,"Bloor Gladstone Library",35000302,"1101 BLOOR ST W","Toronto","Ontario","M6H 1M7","Canada","Library",20627,"70",248468.36,27228.97,539273.7596,26.1440713433849,59760.90217,2.89721734474233
2023,"Centre Island Police Division",35000273,"31 AVENUE OF THE ISLANDS","Toronto","Ontario","M5J 2C3","Canada","Police Station",1001,"168",22646.61,0,22646.61,22.623986013986,679.3983,0.67871958041958
2023,"Chaplin Crescent Storage",34999107,"329 CHAPLIN CRES","Toronto","Ontario","M5N 2M9","Canada","Office",18299,"70",158788.61,18917.12,360823.4516,19.7182060003279,41103.44582,2.24621267938139
2023,"Church Isabella Resident Coop",34999199,"56 WELLESLEY ST E","Toronto","Ontario","M4Y 1G2","Canada","Community Center and Social Meeting Hall",19106,"100",901.79,0,901.79,0.0471993091175547,27.0537,0.00141597927352664
2023,"City Hall",34999109,"100 QUEEN ST W","Toronto","Ontario","M5H 2N1","Canada","Office",780061,"70",10139246.17,4234.46,10184470.2028,13.0559920349819,312311.78276,0.400368410624297
2023,"City Hall Ancillary Office Building",34999110,"75 ELIZABETH ST","Toronto","Ontario","M5G 1P4","Canada","Office",14768,"70",167713.03,15280.44,330908.1292,22.4071051733478,34385.11614,2.32835293472373
2023,"City Kids Early Learning & Child Care Centre",34999177,"34 BATHURST ST","Toronto","Ontario","M5V 3W3","Canada","Pre-school/Daycare",8460,"100",55739.82,13114.52,195802.8936,23.144550070922,26865.18752,3.17555408037825
2023,"College Shaw Library",35000309,"766 COLLEGE ST","Toronto","Ontario","M6G 1C4","Canada","Library",7684,"70",77745.41,8705.61,170721.3248,22.2177674128058,19055.83911,2.47993741671005
2023,"Danforth Coxwell Library",35000310,"1675 DANFORTH AVE","Toronto","Ontario","M4C 5P2","Canada","Library",9617,"70",129173.3,9002.15,225316.262,23.4289551835292,21168.32915,2.20113644067797
2023,"Danforth Early Learning & Child Care Centre",34999178,"1125 DANFORTH AVE","Toronto","Ontario","M4J 1M5","Canada","Pre-school/Daycare",6351,"100",125524.06,13398.53,268620.3604,42.2957582113053,29504.29793,4.64561453786805
2023,"Davenport 1347",34999201,"1347 DAVENPORT RD","Toronto","Ontario","M6H 2H5","Canada","Community Center and Social Meeting Hall",2282,"100",6560.36,4560.25,55263.83,24.2172787028922,8957.05105,3.92508810254163
2023,"Davenport Library",35000311,"1246 SHAW ST","Toronto","Ontario","M6G 3P1","Canada","Library",3604,"100",104432.78,0,104432.78,28.9769089900111,3132.9834,0.869307269700333
2023,"David Appleton Community Centre",34999202,"33 PRITCHARD AVE","Toronto","Ontario","M6N 1T4","Canada","Community Center and Social Meeting Hall",2906,"100",56025.39,5962.53,119705.2104,41.1924330350998,13134.78183,4.51988363041982
2023,"Deer Park Library",35000313,"40 ST CLAIR AVE E","Toronto","Ontario","M4T 1M9","Canada","Library",16558,"70",288079.16,37654.97,690234.2396,41.6858460925232,80977.57217,4.89054065527238
2023,"Dufferin Employment & Social Services",34999111,"900 Dufferin St","Toronto","Ontario","M6H 4A9","Canada","Office",27894,"100",193494.62,27551.11,487740.4748,17.4854977701298,58730.52091,2.10548938517244
2023,"Dufferin St Clair Library",35000316,"1625 DUFFERIN ST","Toronto","Ontario","M6H 3L9","Canada","Library",11208,"70",104820.4,23321.09,353889.6412,31.5747360099929,47944.42589,4.27769681388294
2023,"East York Civic Centre",34999114,"850 COXWELL AVE","Toronto","Ontario","M4C 5R1","Canada","Office",67544,"70",1339578.62,71960.05,2108111.954,31.2109432962217,178422.61465,2.6415760785562
2023,"East York Community Centre",34999454,"1081 PAPE AVE","Toronto","Ontario","M4K 3W6","Canada","Other - Recreation",31000,"100",436455.74,91100.74,1409411.6432,45.464891716129,188098.19374,6.06768366903226
2023,"Eastview Neighbourhood C.C.",34999208,"86 BLAKE ST","Toronto","Ontario","M4J 3C9","Canada","Community Center and Social Meeting Hall",25510,"100",456610.42,39346.31,876829.0108,34.3719721991376,89282.57411,3.49990490435123
2023,"Evelyn Gregory Library",35000321,"120 TROWELL AVE","Toronto","Ontario","M6M 1L7","Canada","Library",6200,"70",96052.9,8804.25,190082.29,30.6584338709677,19794.55125,3.19266955645161
2023,"FIRE STATION 331",59463292,"33 CLAREMONT ST","Toronto","Ontario","M6J 2M3","Canada","Fire Station",1020,,0,0,0,0,0,0
2023,"Fairbank Memorial Community Centre",34999214,"2213 DUFFERIN ST","Toronto","Ontario","M6E 3S2","Canada","Community Center and Social Meeting Hall",19364,"100",282627.8,24766.2,547130.816,28.2550514356538,56054.7042,2.8947895166288
2023,"Fairmount Park Community Centre",34999456,"1725 GERRARD ST E","Toronto","Ontario","M4L 2B3","Canada","Other - Recreation",4359,"100",5454.17,0,5454.17,1.25124340445056,163.6251,0.0375373021335169
2023,"Fire Academy",34999302,"895 EASTERN AVE","Toronto","Ontario","M4L 1A2","Canada","Fire Station",61214,"168",780541.19,132206.97,2192511.6296,35.8171599568726,277385.82507,4.53141152465122
2023,"Fire Station 131",34999315,"3135 YONGE ST","Toronto","Ontario","M4N 2K8","Canada","Fire Station",5845,"168",55771.79,10555.26,168501.9668,28.8283946621044,21949.80816,3.75531362874251
2023,"Fire Station 132",34999316,"476 LAWRENCE AVE W","Toronto","Ontario","M5M 1C4","Canada","Fire Station",7664,"168",91576.5,15565.73,257818.4964,33.6402004697286,32649.06233,4.26005510568894
2023,"Fire Station 134",34999318,"16 MONTGOMERY AVE","Toronto","Ontario","M4R 1C8","Canada","Fire Station",7126,"168",51521.19,11516.7,174519.546,24.4905341004771,23669.2164,3.32152910468706
2023,"Fire Station 135",34999319,"325 CHAPLIN CRES","Toronto","Ontario","M5N 2M9","Canada","Fire Station",12718,"168",150557.04,19319.12,356885.2416,28.0614280232741,41628.74072,3.27321439849033
2023,"Fire Station 135 - OLD",34999320,"641 EGLINTON AVE W","Toronto","Ontario","M5N 1C5","Canada","Fire Station",10592,"168",17719.66,0,17719.66,1.67292862537764,531.5898,0.0501878587613293
2023,"Fire Station 224",34999335,"1313 WOODBINE AVE","Toronto","Ontario","M4C 4E9","Canada","Fire Station",3767,"168",69942.99,10310.23,180056.2464,47.7983133528006,21904.24153,5.81477078046191
2023,"Fire Station 226",34999337,"87 MAIN ST","Toronto","Ontario","M4E 2V6","Canada","Fire Station",11808,"168",54211.06,21730.91,286297.1788,24.2460347899729,43371.40991,3.6730530072832
2023,"Fire Station 227",34999338,"1904 QUEEN ST E","Toronto","Ontario","M4L 1H4","Canada","Fire Station",10484,"168",71278.23,15312.68,234817.6524,22.3977157954979,31554.00518,3.00972960511255
2023,"Fire Station 311",34999349,"20 BALMORAL AVE","Toronto","Ontario","M4V 1J4","Canada","Fire Station",12755,"168",54608.35,13449.14,198245.1652,15.5425452920423,27474.04844,2.15398262955704
2023,"Fire Station 312",34999350,"34 YORKVILLE AVE","Toronto","Ontario","M4W 1L4","Canada","Fire Station",9806,"168",91537.64,26704.86,376745.5448,38.4199005506833,54046.16526,5.51154040995309
2023,"Fire Station 313",34999351,"441 BLOOR ST E","Toronto","Ontario","M4W 1J1","Canada","Fire Station",12099,"168",93549.49,27522.82,387493.2076,32.0268788825523,55677.82192,4.60185320439706
2023,"Fire Station 314",34999352,"12 GROSVENOR ST","Toronto","Ontario","M4Y 1A8","Canada","Fire Station",11937,"168",51854.67,21510.58,281587.6644,23.5894834883136,42877.46428,3.59197991790232
2023,"Fire Station 315",34999353,"132 BELLEVUE AVE","Toronto","Ontario","M5T 2N9","Canada","Fire Station",7244,"168",47457.92,18003.32,239733.3776,33.0940609607951,36008.11532,4.97075032026505
2023,"Fire Station 322",34999355,"256 COSBURN AVE","Toronto","Ontario","M4J 2M1","Canada","Fire Station",7535,"168",73911.66,14790.36,231872.7048,30.7727544525547,30629.63136,4.06498093696085
2023,"Fire Station 323",34999356,"153 CHATHAM AVE","Toronto","Ontario","M4J 1K8","Canada","Fire Station",10236,"168",105142.88,30383.82,429642.0776,41.9736300898789,61521.60462,6.01031698124267
2023,"Fire Station 324",34999357,"840 GERRARD ST E","Toronto","Ontario","M4M 1Y7","Canada","Fire Station",13153,"168",60410.89,18528.74,258297.8332,19.637940637117,37406.03624,2.84391669124914
2023,"Fire Station 325",34999358,"475 DUNDAS ST E","Toronto","Ontario","M5A 2B5","Canada","Fire Station",10129,"168",157333.22,23963.68,413265.3224,40.8002095369731,50754.22588,5.01078348109389
2023,"Fire Station 331",34999359,"33 CLAREMONT ST","Toronto","Ontario","M6J 2M3","Canada","Fire Station",10979,"168",90504.67,67689.4,813427.462,74.0893944803716,132746.4775,12.0909443027598
2023,"Fire Station 332",34999360,"260 ADELAIDE ST W","Toronto","Ontario","M5H 1X6","Canada","Fire Station",24865,"168",273280.51,67789.16,997268.7388,40.1073291292982,138421.39166,5.56691701829881
2023,"Fire Station 333",34999361,"207 FRONT ST E","Toronto","Ontario","M5A 1E8","Canada","Fire Station",12723,"168",113414.96,34339.87,480164.7716,37.7399018784878,69369.33907,5.45227847756032
2023,"Fire Station 334/TPS Station #36",34999362,"339 QUEENS QUAY W","Toronto","Ontario","M5V 1A2","Canada","Fire Station",13003,"168",360844.7,29810.24,679218.0632,52.2354889794663,68090.81204,5.23654633853726
2023,"Fire Station 335/TPS Station #59",34999363,"235 CIBOLA AVE","Toronto","Ontario","M5J 2W6","Canada","Fire Station",4402,"168",104632.08,6925.27,178593.9636,40.5710957746479,16442.40607,3.73521264652431
2023,"Fire Station 341",34999364,"555 OAKWOOD AVE","Toronto","Ontario","M6E 2X4","Canada","Fire Station",9268,"168",70649.6,21777.79,303236.3972,32.7186444971946,43954.62259,4.74262220435908
2023,"Fire Station 342",34999365,"106 ASCOT AVE","Toronto","Ontario","M6E 1G2","Canada","Fire Station",3057,"168",30263.91,11164.83,149504.2944,48.9055591756624,22355.55573,7.31290668302257
2023,"Fire Station 343",34999366,"65 HENDRICK AVE","Toronto","Ontario","M6G 3S4","Canada","Fire Station",9827,"168",45584.47,21077.57,270692.9176,27.5458347003155,41857.54607,4.25944297038771
2023,"Fire Station 344",34999367,"240 HOWLAND AVE","Toronto","Ontario","M5R 3B6","Canada","Fire Station",11238,"168",76901.33,27097.9,366306.902,32.5953819184908,54362.1058,4.83734701904253
2023,"Fire Station 345",34999368,"1285 DUFFERIN ST","Toronto","Ontario","M6H 4C2","Canada","Fire Station",12809,"168",115854.16,29593.66,431914.4488,33.7196072136779,60325.04566,4.70958276680459
2023,"Fire Station 421",34999373,"6 LAMBTON AVE","Toronto","Ontario","M6N 2S1","Canada","Fire Station",9461,"168",101579.47,25870.44,377875.7692,39.9403624564,52744.49934,5.57493915442342
2023,"Fire Station 422",34999374,"590 JANE ST","Toronto","Ontario","M6S 4A6","Canada","Fire Station",7944,"168",56370.58,16326.54,230738.0272,29.0455724068479,33054.40074,4.16092657854985
2023,"Fire Station 423",34999375,"358 KEELE ST","Toronto","Ontario","M6P 2K7","Canada","Fire Station",12335,"168",111169.94,32831.62,461811.6416,37.4391278151601,66404.64022,5.38343252695582
2023,"Fire Station 424",34999376,"462 RUNNYMEDE RD","Toronto","Ontario","M6S 2Z3","Canada","Fire Station",5866,"168",37644.6,15179.16,199758.0288,34.0535337197409,30288.50436,5.16339999318104
2023,"Fire Station 425",34999377,"83 DEFOREST RD","Toronto","Ontario","M6S 1J5","Canada","Fire Station",7955,"168",67440.11,6817.63,140252.3984,17.6307226147077,15119.87053,1.90067511376493
2023,"Fire Station 426",34999378,"140 LANSDOWNE AVE","Toronto","Ontario","M6K 2V9","Canada","Fire Station",12486,"168",166290.7,26685.16,451288.2088,36.1435374659619,56250.91336,4.50511880185808
2023,"Fire Station 442",34999385,"2015 Lawrence Ave W","Toronto","Ontario","M9N 3V5","Canada","Fire Station",15479,"168",215922.47,18949.09,418298.7512,27.0236288649137,42878.87599,2.7701321784353
2023,"Fire Warehouse & Mechanical Building",34999390,"15 ROTHERHAM AVE","Toronto","Ontario","M6M 1L9","Canada","Fire Station",23002,"168",139645.31,25740.49,414553.7432,18.022508616642,53636.84059,2.33183377923659
2023,"Forensic Service, Store & Garage",35000277,"2050 JANE ST","Toronto","Ontario","M9N 2V3","Canada","Police Station",62484,"168",1475027.76,174613.46,3339899.5128,53.4520759362397,379683.28946,6.07648821234236
2023,"Forest Hill Community Centre",34999218,"700 EGLINTON AVE W","Toronto","Ontario","M5N 1B9","Canada","Community Center and Social Meeting Hall",32841,"100",368630.19,63160.6,1043185.398,31.7647269571572,132390.4183,4.03125417313724
2023,"Forestry W District Office",34999118,"1 Bathurst St","Toronto","Ontario","M5V 2N8","Canada","Office",8999,"70",25933.1,0,25933.1,2.88177575286143,777.993,0.0864532725858429
2023,"Former Hydro Building",34999119,"1652 KEELE ST","Toronto","Ontario","M6M 3W3","Canada","Office",22497,"70",292650.25,37647.73,694728.0064,30.8809177401431,81100.79683,3.60496052051385
2023,"Fort York Library",35000323,"190 FORT YORK BLVD","Toronto","Ontario","M5V 0E7","Canada","Library",16008,"70",367309.83,11905.18,494457.1524,30.8881279610195,33889.14568,2.11701309845077
2023,"Frankland Community Centre",34999457,"816 LOGAN AVE","Toronto","Ontario","M4K 3E1","Canada","Other - Recreation",15308,"100",20703.86,0,20703.86,1.35248628168278,621.1158,0.0405745884504834
2023,"Gerrard Ashdale Library",35000324,"1432 GERRARD ST E","Toronto","Ontario","M4L 1Z6","Canada","Library",6504,"70",64851.44,7599.33,146012.2844,22.4496132226322,16543.85613,2.54364331642066
2023,"Glenlong Community Centre",34999405,"35 GLEN LONG AVE","Toronto","Ontario","M6B 2M1","Canada","Other - Recreation",10236,"100",381762.69,45946.92,872475.7956,85.2360097303634,99716.91402,9.74178526963658
2023,"Harrison Pool",34999459,"15 STEPHANIE ST","Toronto","Ontario","M5T 1B1","Canada","Other - Recreation",15263,"100",178583.34,56432.97,781287.4596,51.1883286116753,113765.23557,7.45366150625696
2023,"Harwood Hall",34999220,"85 CAYUGA AVE","Toronto","Ontario","M6N 2G4","Canada","Community Center and Social Meeting Hall",4306,"100",15658.01,9458.86,116678.6348,27.0967568044589,18640.21036,4.3288923269856
2023,"Health Office - Jane Street Clinic",34999121,"662 JANE ST","Toronto","Ontario","M6N 4A7","Canada","Office",2540,"70",11843.14,373.35,15830.518,6.2324874015748,1072.49955,0.422243917322835
2023,"High Park Forest School",34999221,"1873 BLOOR ST W","Toronto","Ontario","M6P 3K7","Canada","Community Center and Social Meeting Hall",9181,"100",65306.96,18352.1,261307.388,28.4617566713866,37213.5929,4.0533267508986
2023,"High Park Library",35000327,"228 RONCESVALLES AVE","Toronto","Ontario","M6R 2L7","Canada","Library",8850,"70",112662.22,16796.64,292050.3352,33.0000378757062,35646.21204,4.02782056949153
2023,"High Park Nature Centre",34999222,"438 Parkside Dr.","Toronto","Ontario","M6P 2S3","Canada","Community Center and Social Meeting Hall",2465,"100",21891.05,0,21891.05,8.88075050709939,656.7315,0.266422515212982
2023,"High Park Office",34999122,"140 Colborne Dr.","Toronto","Ontario","M6R 2Z3","Canada","Office",2228,"100",10580.83,0,10580.83,4.74902603231598,317.4249,0.142470780969479
2023,"High Park Training Centre",34999223,"142 Colborne Lodge Dr.","Toronto","Ontario","M6R 2Z3","Canada","Community Center and Social Meeting Hall",2874,"100",19901.33,0,19901.33,6.92461029923452,597.0399,0.207738308977035
2023,"Jane & Dundas Library",35000332,"620 JANE ST","Toronto","Ontario","M6S 4A6","Canada","Library",11955,"70",177336.49,12467.62,310490.6716,25.9716161940611,29270.39272,2.44838082141363
2023,"Jesse Ketchum Early Learning & Child Care Centre",34999179,"7 BERRYMAN ST","Toronto","Ontario","M5R 1M7","Canada","Pre-school/Daycare",11550,"100",126595.53,12639.95,261590.196,22.6485018181818,28079.20985,2.43110041991342
2023,"Jimmie Simpson Recreation Centre",34999411,"870 QUEEN ST E","Toronto","Ontario","M4M 3G9","Canada","Other - Recreation",43906,"100",893430.06,183048.5,2848388.04,64.8746877419943,378439.0703,8.61930192456612
2023,"John Innes Community Recreation Centre",34999460,"140 SHERBOURNE ST","Toronto","Ontario","M5A 2R6","Canada","Other - Recreation",28055,"100",454159.8,66940.09,1169079.9612,41.671002003208,142216.70689,5.06921072500446
2023,"Jones Library",35000334,"118 JONES AVE","Toronto","Ontario","M4M 2Z7","Canada","Library",3636,"70",87221.62,8828.01,181504.7668,49.918802750275,19575.25581,5.38373372112211
2023,"Joseph J. Piccininni Community Centre",34999461,"1369 ST CLAIR AVE W","Toronto","Ontario","M6E 1C5","Canada","Other - Recreation",70030,"100",1033969.76,115252.38,2264865.1784,32.3413562530344,252418.91478,3.60443973696987
2023,"June Rowlands Park",34999227,"220 DAVISVILLE AVE","Toronto","Ontario","M4S 1G8","Canada","Community Center and Social Meeting Hall",2777,"100",42054.82,7180.55,118743.094,42.7594864962189,15055.48115,5.42149123154483
2023,"Ledbury Park",34999414,"146 LEDBURY ST","Toronto","Ontario","M5M 4J1","Canada","Other - Recreation",5780,"100",254677.68,19173.75,459453.33,79.4901955017301,44473.10415,7.69430867647059
2023,"Lillian H Smith Library",35000337,"239 COLLEGE ST","Toronto","Ontario","M5T 1R5","Canada","Library",38935,"70",1098360.14,73816.72,1886722.7096,48.4582691562861,174752.72332,4.48831959214075
2023,"Locke Library",35000338,"3083 YONGE ST","Toronto","Ontario","M4N 2K7","Canada","Library",11647,"70",192353.52,54787.28,777481.6704,66.7538138919894,111016.97048,9.53180823216279
2023,"Main Square Community Centre",34999462,"245 MAIN ST","Toronto","Ontario","M4C 5R8","Canada","Other - Recreation",35123,"100",504314.28,77118.46,1327939.4328,37.8082576317513,163273.99006,4.64863451470546
2023,"Main Street Library",35000340,"137 MAIN ST","Toronto","Ontario","M4E 2V9","Canada","Library",8664,"70",95030.92,9925.03,201030.2404,23.2029363342567,21916.91023,2.52965261195753
2023,"Maple Leaf Cottage",34999232,"62 LAING ST","Toronto","Ontario","M4L 2N2","Canada","Community Center and Social Meeting Hall",2842,"100",8452.39,2238.51,32359.6768,11.3862339197748,4553.74941,1.60230450738916
2023,"Maria A Shchuka Library",35000341,"1745 EGLINTON AVE W","Toronto","Ontario","M6E 2H4","Canada","Library",25475,"70",296799.31,31964.38,638178.8884,25.0511830578999,70307.55328,2.75986470186457
2023,"Markdale Preschool",34999233,"41 MARKDALE AVE","Toronto","Ontario","M6C 1T4","Canada","Community Center and Social Meeting Hall",1829,"100",23574.39,4337.62,69900.1716,38.2176990705303,9039.79972,4.94248207763805
2023,"Mary McCormick Recreation Centre",34999463,"66 SHERIDAN AVE","Toronto","Ontario","M6K 2G9","Canada","Other - Recreation",43099,"100",1013547.03,136611.25,2472555.18,57.3692006775099,292836.62215,6.79451082739739
2023,"Masaryk-Cowan Community Recreation Centre",34999234,"212 COWAN AVE","Toronto","Ontario","M6K 2N6","Canada","Community Center and Social Meeting Hall",32270,"100",324842.97,41268.25,765587.88,23.7244462348931,89021.59735,2.75864881778742
2023,"Matty Eckler Recreation Centre",34999464,"953 GERRARD ST E","Toronto","Ontario","M4M 1Z4","Canada","Other - Recreation",47383,"100",493973.61,108115.42,1648646.2956,34.7940462950847,222508.93012,4.69596543317224
2023,"Metro Hall",34999123,"55 JOHN ST","Toronto","Ontario","M5V 3C6","Canada","Office",787186,"70",6721038.98,0,6721038.98,8.53805705386021,201631.1694,0.256141711615806
2023,"Mount Dennis Community Centre",34999236,"4 HOLLIS ST","Toronto","Ontario","M6M 4M9","Canada","Community Center and Social Meeting Hall",3003,"100",46988.55,5565.31,106426.0608,35.4399136863137,12100.61701,4.02950949383949
2023,"Mount Dennis Early Learning & Child Care Centre",34999182,"1296 WESTON RD","Toronto","Ontario","M6M 4R3","Canada","Pre-school/Daycare",7350,"100",68181.32,0,68181.32,9.27637006802721,2045.4396,0.278291102040816
2023,"Mount Dennis Library",35000346,"1123 WESTON RD","Toronto","Ontario","M6N 3S3","Canada","Library",11350,"70",160814.81,8585.36,252506.4548,22.2472647400881,21316.92086,1.87814280704846
2023,"Mount Pleasant Library",35000347,"599 MOUNT PLEASANT RD","Toronto","Ontario","M4S 2M5","Canada","Library",5829,"70",74222.6,14409.38,228114.7784,39.1344618974095,29907.09698,5.1307423194373
2023,"Niagara C.C",34999238,"700 WELLINGTON ST W","Toronto","Ontario","M5V 1G7","Canada","Community Center and Social Meeting Hall",5296,"100",48146.52,0,48146.52,9.09111027190332,1444.3956,0.2727333081571
2023,"North Toronto Memorial Community Centre",34999467,"200 EGLINTON AVE W","Toronto","Ontario","M4R 1C3","Canada","Other - Recreation",74820,"100",1419098.33,265962.88,4259581.8884,56.9310597219995,553487.64238,7.3975894464047
2023,"Northern District Library",35000351,"40 ORCHARD VIEW BLVD","Toronto","Ontario","M4R 1B9","Canada","Library",117452,"70",2230577.54,137828.73,3702588.3764,31.5242684364677,331686.31653,2.82401590888193
2023,"Oakwood Village Library",35000354,"341 OAKWOOD AVE","Toronto","Ontario","M6E 2W1","Canada","Library",17270,"70",134836.33,11769.73,260537.0464,15.0861057556456,26654.74123,1.54341292588303
2023,"Old City Hall",34999126,"60 QUEEN ST W","Toronto","Ontario","M5H 2M3","Canada","Office",350494,"70",2399278.67,0,2399278.67,6.84542009278333,71978.3601,0.2053626027835
2023,"One Yonge Community Centre",37103860,"24 Freeland St","Toronto","Ontario","M5E 1L7","Canada","Other - Recreation",51000,,0,0,0,0,0,0
2023,"Palmerston Library",35000355,"560 PALMERSTON AVE","Toronto","Ontario","M6G 2P7","Canada","Library",8493,"70",245971.05,0,245971.05,28.9616213352172,7379.1315,0.868848640056517
2023,"Pam McConnell Aquatic Centre",34999468,"640 DUNDAS ST E","Toronto","Ontario","M5A 2B8","Canada","Other - Recreation",30505,"100",882072.31,21521.85,1111925.668,36.4506037698738,67805.64315,2.22277145222095
2023,"Pape Danforth Library",35000356,"701 PAPE AVE","Toronto","Ontario","M4K 3S6","Canada","Library",8175,"70",124939.04,11422.11,246927.1748,30.2051589969419,25690.04451,3.14251308990826
2023,"Parkdale Library",35000357,"1303 QUEEN ST W","Toronto","Ontario","M6K 1L6","Canada","Library",24083,"70",249584.27,25855.74,525723.5732,21.8296546609642,57156.40464,2.3733091658016
2023,"Parliament Library",35000358,"269 GERRARD ST E","Toronto","Ontario","M5A 2G3","Canada","Library",14634,"70",216971.9,18672.36,416392.7048,28.453786032527,42378.76056,2.89591093070931
2023,"Pelmo Park",34999246,"171 PELLATT AVE","Toronto","Ontario","M9N 2P5","Canada","Community Center and Social Meeting Hall",2573,"100",100406.02,10931.65,217156.042,84.3979953361835,24011.88025,9.33225038865138
2023,"Perth Dupont Library",35000359,"1589 DUPONT ST","Toronto","Ontario","M6P 3S5","Canada","Library",3627,"70",22333.25,4771.98,73297.9964,20.2089871519162,9836.97108,2.71215083540116
2023,"Police Dog Service",35000283,"44 BEECHWOOD DR","Toronto","Ontario","M4K 3H8","Canada","Police Station",9440,"168",154343.44,8523.39,245373.2452,25.9929285169492,21003.73539,2.22497196927966
2023,"Police Headquarters",35000285,"40 COLLEGE ST","Toronto","Ontario","M5G 2J3","Canada","Police Station",425000,"168",8966198.34,314803.6,12328300.788,29.00776656,873723.6658,2.05582039011765
2023,"Police Marine Hq",35000286,"259 QUEENS QUAY W","Toronto","Ontario","M5V 1A2","Canada","Police Station",23035,"168",406373.73,46093.36,898650.8148,39.0124078489255,100736.55646,4.37319541827654
2023,"Property Dept Workshop",34999127,"786 DUNDAS ST E","Toronto","Ontario","M4M 1R1","Canada","Office",39170,"70",121036.41,101377.69,1203750.1392,30.7314306663263,198377.63479,5.06452986443707
2023,"Public Health HQ",34999128,"277 VICTORIA ST","Toronto","Ontario","M5B 1W2","Canada","Office",111385,"70",1672489.24,22604.28,1913902.9504,17.1827710230282,93597.49908,0.840306137092068
2023,"Regent Park",34999249,"417 GERRARD ST E","Toronto","Ontario","M5A 2H4","Canada","Community Center and Social Meeting Hall",6168,"100",33128.44,0,33128.44,5.37101815823606,993.8532,0.161130544747082
2023,"Regent Park Community Centre",34999250,"402 SHUTER ST","Toronto","Ontario","M5A 1X6","Canada","Community Center and Social Meeting Hall",55004,"100",858499.83,172.67,860343.9456,15.6414796305723,26086.69397,0.474269034433859
2023,"Regent Park Early Learning & Child Care Centre",34999183,"40 REGENT ST","Toronto","Ontario","M5A 3N7","Canada","Pre-school/Daycare",15963,"100",307219.6,0,307219.6,19.2457307523648,9216.588,0.577371922570945
2023,"Riverdale Library",35000363,"370 BROADVIEW AVE","Toronto","Ontario","M4K 2M8","Canada","Library",9658,"70",131321.01,18438.69,328246.2192,33.9869765168772,39360.35379,4.07541455684407
2023,"Runnymede Library",35000364,"2178 BLOOR ST W","Toronto","Ontario","M6S 1M8","Canada","Library",12034,"70",137760.46,19609.39,347188.7452,28.8506519195612,41802.45199,3.47369552850258
2023,"S Walter Stewart Library",35000365,"170 MEMORIAL PARK AVE","Toronto","Ontario","M4J 2K5","Canada","Library",25847,"70",285350.09,21770.93,517863.6224,20.0357342206059,50382.45923,1.94925752427748
2023,"S.H. Armstrong Community Centre",34999251,"60 WOODFIELD RD","Toronto","Ontario","M4L 2W6","Canada","Community Center and Social Meeting Hall",18277,"100",160095.47,15806.54,328909.3172,17.9958044099141,35167.22744,1.92412471631012
2023,"Sanderson Library",35000366,"327 BATHURST ST","Toronto","Ontario","M5T 1J1","Canada","Library",12702,"70",170087.72,10242.12,279473.5616,22.0023273185325,24777.74412,1.95069627775154
2023,"Scadding Court C.C.",34999469,"707 DUNDAS ST W","Toronto","Ontario","M5T 2W6","Canada","Other - Recreation",46694,"100",824099.21,111382.03,2013659.2904,43.1245832526663,238687.85593,5.11174574741937
2023,"South District Office & Workshop",34999132,"149 RIVER ST","Toronto","Ontario","M5A 3P8","Canada","Office",13487,"70",108998.15,19059.68,312555.5324,23.174577919478,39883.58978,2.95718764588122
2023,"Spadina Road Library",35000368,"10 SPADINA RD","Toronto","Ontario","M5R 2S7","Canada","Library",3952,"70",73243.35,7080.09,148858.7112,37.6666779352227,15798.15339,3.99750844888664
2023,"St Albans Boys Club",34999470,"843 PALMERSTON AVE","Toronto","Ontario","M6G 2R8","Canada","Other - Recreation",23293,"100",238728.79,56206.38,839012.9284,36.0199600051518,115134.31968,4.94287209376207
2023,"St Clair Silverthorn Library",35000369,"1748 ST CLAIR AVE W","Toronto","Ontario","M6N 1J3","Canada","Library",4587,"70",62554.11,5912.21,125696.5128,27.4027714846305,13233.97871,2.88510545236538
2023,"St Lawrence Community Recreation Centre",34999471,"246 THE ESPLANADE","Toronto","Ontario","M5A 4J6","Canada","Other - Recreation",46113,"100",896031.1,211303.37,3152751.0916,68.3701145360311,432794.70677,9.38552483616334
2023,"St Lawrence Hall",34999133,"157 KING ST E","Toronto","Ontario","M5A 1J3","Canada","Office",55413,"70",870916.49,52202.1,1428434.918,25.7779748073557,126407.7288,2.28119265876238
2023,"St Lawrence Library",35000370,"171 FRONT ST E","Toronto","Ontario","M5A 4H3","Canada","Library",4833,"70",67138.62,0,67138.62,13.8917070142768,2014.1586,0.416751210428305
2023,"Stan Wadlow Clubhouse",34999255,"373 CEDARVALE AVE","Toronto","Ontario","M4C 4K7","Canada","Community Center and Social Meeting Hall",10323,"100",119587.59,33032.17,472371.1656,45.7590977041558,67042.42627,6.49447120701346
2023,"Sunshine Center for Seniors",34999256,"446 LAKESHORE AVE","Toronto","Ontario","M5J 2H3","Canada","Community Center and Social Meeting Hall",2250,"100",28478.3,0,28478.3,12.6570222222222,854.349,0.379710666666667
2023,"TPS Station #43/Amelie House",34999138,"126 PAPE AVE","Toronto","Ontario","M4M 2V8","Canada","Office",9365,"70",89078.95,22063.7,324719.266,34.6737069941271,45056.7362,4.81118379071009
2023,"Toronto Island Service Office",34999135,"1 Lakeshore Ave","Toronto","Ontario","M5J 2W2","Canada","Office",20968,"70",86407.19,10431.2,197812.406,9.43401402136589,22630.5509,1.07928991320107
2023,"Toronto Reference Library",35000374,"789 YONGE ST","Toronto","Ontario","M4W 2G8","Canada","Library",434841,"70",8042839.91,401181.14,12327454.4852,28.3493379998666,1011954.16724,2.32718204410348
2023,"Traffic Services and Garage",35000291,"9 HANNA AVE","Toronto","Ontario","M6K 1W8","Canada","Police Station",297988,"168",2464999.59,476920.16,7558506.8988,25.3651385250413,990113.61506,3.32266270809563
2023,"Trinity Community Recreation Centre",34999473,"155 CRAWFORD ST","Toronto","Ontario","M6J 2V5","Canada","Other - Recreation",36909,"100",550111.25,186452.83,2541427.4744,68.8565790024113,374679.22393,10.1514325484299
2023,"University Settlement",34999474,"23 GRANGE RD","Toronto","Ontario","M5T 1C3","Canada","Other - Recreation",47566,"100",471932.24,121214.14,1766499.2552,37.1378559307068,247010.33014,5.19300193709793
2023,"Wallace Emerson Community Centre",34999420,"1260 DUFFERIN ST","Toronto","Ontario","M6H 4C3","Canada","Other - Recreation",51882,"100",881038.27,99689.56,1945722.7708,37.5028482093983,217934.79286,4.20058580740912
2023,"Waterfront Neighbourhood Centre",34999262,"627 QUEENS QUAY W","Toronto","Ontario","M5V 3G3","Canada","Community Center and Social Meeting Hall",123214,"100",774401.31,942.36,784465.7148,6.36669302838963,25042.31286,0.203242430730274
2023,"Wellesley Community Centre",34999263,"495 SHERBOURNE ST","Toronto","Ontario","M4X 1K7","Canada","Community Center and Social Meeting Hall",41904,"100",1616179.6,213529.92,3896679.1456,92.9906248949981,458676.36432,10.9458849828179
2023,"Wellesley Place Employment & Social Services",34999139,"111 WELLESLEY ST E","Toronto","Ontario","M4Y 3A7","Canada","Office",52108,"70",964269.58,0,964269.58,18.5052118676595,28928.0874,0.555156356029784
2023,"Weston Library",35000376,"2 KING ST","Toronto","Ontario","M9N 1K9","Canada","Library",11944,"70",161153.99,12233.58,291808.6244,24.4313985599464,28335.32688,2.37234819825854
2023,"Wychwood Library",35000379,"1431 BATHURST ST","Toronto","Ontario","M5R 3J2","Canada","Library",6381,"70",263105.98,22439.74,502762.4032,78.7905349004858,50999.91994,7.99246512145432
2023,"York Civic Center",34999140,"2700 EGLINTON AVE W","Toronto","Ontario","M6M 1V1","Canada","Office",72915,"70",867087.77,107293.28,2012980.0004,27.6072138846602,232123.02398,3.18347423685113
2023,"York Humber Employment & Social Services",34999141,"605 ROGERS RD","Toronto","Ontario","M6M 1B9","Canada","Office",32980,"70",355439.45,0,355439.45,10.7774241964827,10663.1835,0.323322725894482
2023,"York Recreation Centre",34999475,"115 Black Creek Dr","Toronto","Ontario","M6N 2K6","Canada","Other - Recreation",67879,"100",1421294.49,129451.99,2803841.7432,41.3064680269303,291316.10749,4.29169710057602
2023,"Yorkville Library",35000381,"22 YORKVILLE AVE","Toronto","Ontario","M4W 1L4","Canada","Library",9053,"70",148010.92,13039.3,287270.644,31.7320936706064,29488.8229,3.2573536838617
